step,value
0,1.2266314029693604
1,1.1037386655807495
2,1.0784099102020264
3,1.0610591173171997
