step,value
0,1.12031888961792
1,1.0900628566741943
2,1.0729284286499023
3,1.0592154264450073
