step,value
0,3.0658316612243652
1,2.974461078643799
2,2.923929452896118
3,2.8841073513031006
