step,value
1,0.4164222776889801
2,0.31182795763015747
3,0.39002931118011475
4,0.5210165977478027
5,0.5141739845275879
